{
    "node": {
        "0": {
            "element": {
                "frame": {
                    "point": [
                        -0.0026116793328053701, 
                        -0.77075883613488105, 
                        0.41180385336445402
                    ], 
                    "xaxis": [
                        0.0033821204496003129, 
                        -0.19310221836167546, 
                        0.98117281583065896
                    ], 
                    "yaxis": [
                        -0.99984665355445557, 
                        -0.017511978070929947, 
                        5.4400494525763676e-14
                    ]
                }
            }, 
            "frame_measured": null, 
            "is_built": [
                true
            ], 
            "is_held_by_robot": [
                false
            ], 
            "is_planned": [
                true
            ], 
            "is_support": [
                true
            ], 
            "placed_by": [
                "human"
            ], 
            "robot_frame": [
                null
            ]
        }, 
        "1": {
            "element": {
                "frame": {
                    "point": [
                        -0.77075883613488105, 
                        0.0026116793328056901, 
                        0.41180385336445402
                    ], 
                    "xaxis": [
                        -0.19310221836168676, 
                        -0.003382120449601381, 
                        0.98117281583065674
                    ], 
                    "yaxis": [
                        -0.01751197807093445, 
                        0.99984665355445557, 
                        5.4401361887501665e-14
                    ]
                }
            }, 
            "frame_measured": null, 
            "is_built": [
                true
            ], 
            "is_held_by_robot": [
                false
            ], 
            "is_planned": [
                true
            ], 
            "is_support": [
                true
            ], 
            "placed_by": [
                "human"
            ], 
            "robot_frame": [
                null
            ]
        }, 
        "2": {
            "element": {
                "frame": {
                    "point": [
                        0.0026116793328053701, 
                        0.77075883613488105, 
                        0.41180385336445402
                    ], 
                    "xaxis": [
                        -0.0033821204496018624, 
                        0.19310221836169178, 
                        0.98117281583065574
                    ], 
                    "yaxis": [
                        0.99984665355445534, 
                        0.017511978070936487, 
                        5.440092820663267e-14
                    ]
                }
            }, 
            "frame_measured": null, 
            "is_built": [
                true
            ], 
            "is_held_by_robot": [
                false
            ], 
            "is_planned": [
                true
            ], 
            "is_support": [
                true
            ], 
            "placed_by": [
                "human"
            ], 
            "robot_frame": [
                null
            ]
        }, 
        "3": {
            "element": {
                "frame": {
                    "point": [
                        0.77075883613488105, 
                        -0.00261167933280505, 
                        0.41180385336445402
                    ], 
                    "xaxis": [
                        0.19310221836167546, 
                        0.0033821204496003003, 
                        0.98117281583065896
                    ], 
                    "yaxis": [
                        0.017511978070929881, 
                        -0.99984665355445557, 
                        5.440092820663267e-14
                    ]
                }
            }, 
            "frame_measured": null, 
            "is_built": [
                true
            ], 
            "is_held_by_robot": [
                false
            ], 
            "is_planned": [
                true
            ], 
            "is_support": [
                true
            ], 
            "placed_by": [
                "human"
            ], 
            "robot_frame": [
                null
            ]
        }
    }
}