{
    "joint": {
        "0": {
            "adjacency": [
                65,
                23
            ],
            "element": {
                "frame": {
                    "point": [
                        -0.40798305342876195,
                        0.049631789518835186,
                        0.8100364683396355
                    ],
                    "xaxis": [
                        0.16401043130593623,
                        -0.81671895243281512,
                        -0.55323659600562047
                    ],
                    "yaxis": [
                        0.32380139502832622,
                        0.57432890302469974,
                        -0.75186366299227092
                    ]
                }
            }
        },
        "1": {
            "adjacency": [
                65,
                66
            ],
            "element": {
                "frame": {
                    "point": [
                        -0.4098175911676506,
                        -0.10737867350216534,
                        0.70198933408465725
                    ],
                    "xaxis": [
                        0.16401043130593623,
                        -0.81671895243281512,
                        -0.55323659600562047
                    ],
                    "yaxis": [
                        0.2439343568657352,
                        -0.50983513242682377,
                        0.8249631308633274
                    ]
                }
            }
        },
        "2": {
            "adjacency": [
                66,
                65
            ],
            "element": {
                "frame": {
                    "point": [
                        -0.4098175911676506,
                        -0.10737867350216534,
                        0.70198933408465725
                    ],
                    "xaxis": [
                        0.1426632443132117,
                        -0.082645013892987285,
                        0.98631485865349144
                    ],
                    "yaxis": [
                        0.25700309484262651,
                        -0.95923485716390622,
                        -0.11754955569057871
                    ]
                }
            }
        },
        "3": {
            "adjacency": [
                66,
                23
            ],
            "element": {
                "frame": {
                    "point": [
                        -0.41578375397279188,
                        -0.12231335454834584,
                        0.89191351488038717
                    ],
                    "xaxis": [
                        0.1426632443132117,
                        -0.082645013892987285,
                        0.98631485865349144
                    ],
                    "yaxis": [
                        0.31290093621212273,
                        0.94916717739915801,
                        0.034273509678651469
                    ]
                }
            }
        },
        "4": {
            "adjacency": [
                67,
                32
            ],
            "element": {
                "frame": {
                    "point": [
                        0.13145520380397152,
                        -0.36069525040332773,
                        0.96319842659017918
                    ],
                    "xaxis": [
                        0.58585531565510829,
                        0.33628545298758494,
                        -0.73735042091775349
                    ],
                    "yaxis": [
                        0.74238952724077778,
                        0.14218673526546394,
                        0.65470659241966056
                    ]
                }
            }
        },
        "5": {
            "adjacency": [
                67,
                68
            ],
            "element": {
                "frame": {
                    "point": [
                        0.22404653333545027,
                        -0.2694198485506708,
                        0.82382310251978685
                    ],
                    "xaxis": [
                        0.58585531565510829,
                        0.33628545298758494,
                        -0.73735042091775349
                    ],
                    "yaxis": [
                        -0.43993084345373257,
                        -0.63214735451295323,
                        -0.63784839512251035
                    ]
                }
            }
        },
        "6": {
            "adjacency": [
                68,
                32
            ],
            "element": {
                "frame": {
                    "point": [
                        0.07585124043302649,
                        -0.38179441518424384,
                        0.78211044037770849
                    ],
                    "xaxis": [
                        -0.65823556190967558,
                        -0.71592860047223172,
                        -0.23274918703042863
                    ],
                    "yaxis": [
                        0.10712262396535877,
                        -0.39510260217643556,
                        0.91236981382999838
                    ]
                }
            }
        },
        "7": {
            "adjacency": [
                68,
                67
            ],
            "element": {
                "frame": {
                    "point": [
                        0.22404653333545027,
                        -0.26941984855067086,
                        0.82382310251978685
                    ],
                    "xaxis": [
                        -0.65823556190967558,
                        -0.71592860047223172,
                        -0.23274918703042863
                    ],
                    "yaxis": [
                        0.32170101482697661,
                        0.012017601036246356,
                        -0.94676503649249077
                    ]
                }
            }
        },
        "8": {
            "adjacency": [
                69,
                70
            ],
            "element": {
                "frame": {
                    "point": [
                        -0.35090596259563722,
                        0.026361536516085502,
                        1.1364515982379557
                    ],
                    "xaxis": [
                        0.21667977450045689,
                        0.93621574363192717,
                        0.27667662839160945
                    ],
                    "yaxis": [
                        0.34820245826249557,
                        -0.33888502866738285,
                        0.87402058637372049
                    ]
                }
            }
        },
        "9": {
            "adjacency": [
                69,
                52
            ],
            "element": {
                "frame": {
                    "point": [
                        -0.34246010372646979,
                        0.20827649654114661,
                        1.1927139216395011
                    ],
                    "xaxis": [
                        0.21667977450045689,
                        0.93621574363192717,
                        0.27667662839160945
                    ],
                    "yaxis": [
                        0.21267724730207049,
                        0.23133375251056223,
                        -0.94934350128359535
                    ]
                }
            }
        },
        "10": {
            "adjacency": [
                70,
                52
            ],
            "element": {
                "frame": {
                    "point": [
                        -0.35836342786820125,
                        0.16646397182060207,
                        1.0074340487303406
                    ],