{
    "joint": {
        "1": {
            "connected_keys": [], 
            "element": {
                "frame": {
                    "point": [
                        -0.0019956908567326046, 
                        -0.80592870751827161, 
                        0.52399650141748844
                    ], 
                    "xaxis": [
                        0.0012324313493924006, 
                        -0.070365686582081602, 
                        0.99752050167643236
                    ], 
                    "yaxis": [
                        -0.99984665355445557, 
                        -0.017511978070929895, 
                        5.4389652504038821e-14
                    ]
                }
            }
        }, 
        "2": {
            "connected_keys": [], 
            "element": {
                "frame": {
                    "point": [
                        -0.80592870751827284, 
                        0.0019956908567327469, 
                        0.52399650141748799
                    ], 
                    "xaxis": [
                        -0.070365686582092662, 
                        -0.0012324313493929269, 
                        0.99752050167643158
                    ], 
                    "yaxis": [
                        -0.017511978070934617, 
                        0.99984665355445557, 
                        5.4389869344473318e-14
                    ]
                }
            }
        }, 
        "3": {
            "connected_keys": [], 
            "element": {
                "frame": {
                    "point": [
                        0.0019956908567323401, 
                        0.80592870751827339, 
                        0.52399650141748777
                    ], 
                    "xaxis": [
                        -0.0012324313493931828, 
                        0.070365686582099088, 
                        0.99752050167643114
                    ], 
                    "yaxis": [
                        0.99984665355445546, 
                        0.017511978070936653, 
                        5.4389869344473318e-14
                    ]
                }
            }
        }, 
        "4": {
            "connected_keys": [], 
            "element": {
                "frame": {
                    "point": [
                        0.80592870751827161, 
                        -0.0019956908567322846, 
                        0.52399650141748844
                    ], 
                    "xaxis": [
                        0.070365686582081602, 
                        0.001232431349392408, 
                        0.99752050167643236
                    ], 
                    "yaxis": [
                        0.017511978070929999, 
                        -0.99984665355445557, 
                        5.4389435663604324e-14
                    ]
                }
            }
        }
    }
}